{
    "Bathtub": [
        [
            8000,
            2350
        ],
        [
            9600,
            1980
        ],
        [
            9450,
            1000
        ],
        [
            7800,
            1350
        ]
    ],
    "Toilet": [
        [
            9350,
            800
        ],
        [
            8400,
            1000
        ],
        [
            8250,
            200
        ],
        [
            9200,
            0
        ]
    ],
    "Bathroom_Sink": [
        [
            5805.307416434541,
            1400.397493036212
        ],
        [
            6419.012151810585,
            1333.273537604457
        ],
        [
            6313.531650417827,
            38.740111420613175
        ],
        [
            5671.05950557103,
            9.972701949860948
        ]
    ],
    "Couch": [
        [
            2110,
            4138
        ],
        [
            2340,
            5096
        ],
        [
            4596,
            4554
        ],
        [
            4366,
            3597
        ]
    ],
    "Living_Room_Table": [
        [
            4198,
            8462
        ],
        [
            3194,
            6792
        ],
        [
            5103,
            5639
        ],
        [
            6110,
            7314
        ]
    ],
    "Desk": [
        [
            2688,
            9836
        ],
        [
            2105,
            8775
        ],
        [
            3390,
            8003
        ],
        [
            4013,
            9041
        ]
    ],
    "Bedroom_Chair": [
        [
            500,
            4371
        ], 
        [
            304,
            3421
        ],
        [
            1577,
            3115
        ],
        [
            1803,
            4058
        ]

    ]
}